blackhax_,92f23e1d-cce2-4bac-acc0-edc42075fe7a
chickpack,ee127ff1-9b3b-4ac9-b280-6d1ec1ca6893
christofelhd,ab31fcce-49a3-4753-924a-f521165b9d4c
coppercookie,557e709f-a4c1-4ba8-930e-c7e416d38c0e
der_luk,d44e59e6-751f-431d-83f3-86b13c5306aa
einhornlaura,4d40384b-544c-491a-a91d-3b0b7044802a
elektrophil,109d5f98-78de-494e-b139-962b51dfdf94
evilantismiley,c811ffa1-cfcd-44bf-a87c-64a8a0cc7518
faye_lynn,f1d1cbd5-93a5-4f51-a55e-ae5815af0728
fettsackmc,af6718ae-82b8-4c41-a28e-a555707fa868
flottschi,f17e8c2c-5381-491b-9b01-f1fa08b711e9
habl_,1504efec-3eeb-4120-8504-1c60c0fb77c1
hennick01,f0bedee6-a7cf-4698-b037-c5355d93ce39
janglidenzuch,0839592f-6369-4e08-b616-7a5446cc435c
k1llf0rce,b8b856cf-574d-4591-b7ee-b09c70d43080
kiewaii,13b1a0cc-d418-49f7-be11-2bcc4f088ed6
legnaya,a9d76660-f3e9-4849-bfc3-8368b8006a55
minecrafterpasg,a40f6850-c584-4aac-8921-b13e0e4f6b38
ne123,bcb341ca-4a16-4bda-ad95-ad56b03f3dcb
ninocrafter,1720430f-c9a0-4817-bf36-39900263ed07
noahdaniel_17,d56b81a4-06cc-4468-853c-2abb8d09c486
paetz,e9ce0f1f-b5fc-46cd-9e2b-3a9fc4ce22a8
petsche,532b1cd0-97b3-44e8-9a4a-2459464b5cef
phillipman_hd,ee12c641-a8ba-49a3-a832-ad1a92272dcc
posssi,b2adddda-9ba7-48ac-a2e2-c52400fb14cf
pumahansichen,9d571a03-efb2-486f-94d1-14c860045447
remaved,bcb341ca-4a16-4bda-ad95-ad56b03f3dcb
rxyp,053c24a1-d917-4f30-bf4a-69fe711109ec
schwulesalpaka,af6718ae-82b8-4c41-a28e-a555707fa868
sebi04,1291b47b-18ec-48d8-8e94-e156f73cffc4
sparkyplayztv,d0f28164-b65b-4c71-9f12-cb6e8eb4792c
squashe,03363cb1-ad03-4ee1-9c1d-f59d11307b62
sryforbeinggay,af6718ae-82b8-4c41-a28e-a555707fa868
supi129,ccd8937f-4580-481c-a005-ae4ded1b3c28
technation,63dcb628-111a-4c87-93ae-7f551cbe145d
the_gamer_hd,81e35ce1-0165-4eca-9135-6f5c7cc3ea76
theinferneus,8bf18211-e8c4-4a8f-a005-9b7b7603e584
thunderplumber,af6718ae-82b8-4c41-a28e-a555707fa868
triplemean,f809dec0-59ad-4694-bc84-48a5e3b79a18
xx_st4l1n_xx_lp,f809dec0-59ad-4694-bc84-48a5e3b79a18
yuuux,b9d75492-4c60-4208-9cd1-4e125feed20e
zerotwo_is_love,8bf18211-e8c4-4a8f-a005-9b7b7603e584
zkexs,1b2abe7d-bf75-43d0-b7d9-e7082915e6e2
